Hour,Strain,Sample,OD600,Intracellular volume / sample,Glucose g/L,Pyruvate g/L,Succinate g/L,Lactate g/L,Formate g/L,Acetate g/L,Isopentenol g/L,Bisabolene g/L,Limonene g/L,Acetoacetyl-coA (uM),HMG-CoA (uM),Intracellular Mevalonate (uM),Mev-P (uM),IPP/DMAPP (uM),IP (uM),GPP (uM),FPP (uM),AMP (uM),ADP (uM),ATP (uM),NAD (uM),NADP (uM),Acetyl-CoA (uM),"Fru-1,6-BiP (uM)",3-P Glycerate (uM),PEP (uM),Pyruvate (uM),lactate (uM),fumarate (uM),succinate (uM),oxaloacetate (uM),malate (uM),oxoglutarate (uM),cis-aconitate (uM),citrate (uM),isocitrate (uM),Glyoxylate (uM),Glycolate (uM),DXP,MEP,HDMAPP,ME-cPP,CDP-ME,Glycine,Alanine,Serine,Proline,Valine,Threonine,Cysteine,Leucine,Isoleucine,Asparagine,Aspartate,Glutamine,Lysine,Glutamate,Methionine,Histidine,Phenylalanine,Arginine,Tyrosine,Tryptophan,Cystine,IPP/DMAPP extracellular (uM),IP extracellular (uM),MEcPP extracellular (uM),MEVALONATE extracellular (uM),DXP extracellular (uM),MEV-P extracellular (uM),HDMAPP extracellular (uM),GPP extracellular (uM),FPP extracellular (uM),GGPP extracellular (uM),CDP-ME extracellular (uM),CoA extracellular (uM),Acetyl-CoA extracellular (uM),Acetoacetyl-CoA extracellular (uM),HMG-CoA extracellular (uM),AMP extracellular (uM),ADP extracellular (uM),ATP extracellular (uM),NAD extracellular (uM),NADH extracellular (uM),NADP extracellular (uM),NADPH extracellular (uM)
0,I1,1,1.659609467,8.30E-07,10.587,0.049283772,0.0114,0.0524,0.0647,0.4622,0,,,0,0,0.00348469,0.016535125,2.64120095,0,0,0,0.171378574,0.071667904,0.221377572,0.479328672,0.060779233,0.196875955,4.754963843,1.310192903,0.023828918,2.56385538,13.6581537,0.448114744,2.844213796,0,0.337390895,0.038978554,0.017133525,0.051544614,0.001096091,0.270253652,0.036873197,0.057148245,0,0,0.392489421,0.029267992,2.905934844,1.211221217,13.64821858,1.99055037,0.909669491,0.99887539,0,1.498460911,1.100519257,5.062851594,0,0.775507359,0.691712614,11.74146711,0.288173938,0.644247657,3.26925424,3.423122374,1.5168111,0.373428429,0,0.096391185,0.92632491,0,0,0,0,33.5659162,0,0,0,0,0.208524057,0,0,0,0,0,0,0,0,0,0
2,I1,10,,,9.50113,0.005115802,0.234701,0.39798,0.252576,0.940422,,,,,,,,,,,0,,,,,,,,,,,,,,,,,,,,,,,,,,,,,,,,,,,,,,,,,,,,,,,,,,,,,,,,,,,,,,,,,,,,,
4,I1,19,2.24,0.00000056,8.67278,0.003930587,0.225041,0.607947,0.0948193,1.10673,0.059590433,,,0,0.068923427,0.275342622,0.938668494,18.24779706,3.969097105,0,0,0.315314421,0.189088521,0.3790671,1.829253002,0.221245876,0.492312608,5.343038593,2.266683349,0.050405638,0.167115124,124.0550205,0.564920305,5.858814148,0,0.457898469,0.028129708,0.062197244,0.076327931,0.004671477,0.4232291,0.10113981,0.159000348,0,0,0.914614592,0.019000297,3.54359873,1.73283121,0.195788362,7.942271347,0.831373357,0.081861014,0,1.718562832,0.648768578,0.495535818,0,0.390183527,0.871567186,9.917211718,0.121075451,0.941739329,3.652873135,5.621906554,1.425721586,0.371097614,0,4.778799091,33.90543547,0.239807659,7.932096079,0,0,0,0,0,1.250337794,0.936126948,0,0.213578923,0,1.687138119,0,0,0,0,0,0,0
6,I1,28,,,8.06414,0.009759218,0.228584,0.869934,0.127715,1.20436,,,,,,,,,,,,,,,,,,,,,,,,,,,,,,,,,,,,,,,,,,,,,,,,,,,,,,,,,,,4.649762301,48.58996276,0.609891808,11.93662897,0,0,0,0.915068907,0,10.08121865,1.396056652,,,,,,,,,,,
8,I1,37,2.69,6.73E-07,7.25209,0.063345457,0.235512,1.20059,0.134617,1.30293,0.109850599,,,,,0.595143213,1.215890787,17.16390824,3.297912728,0,0,,,,,,,3.918496155,1.784572646,0.043842702,1.945673055,212.5722441,0.523349326,5.969067096,0,0.422726532,0.015192655,0.086263392,0.07523677,0.003518053,0.331247595,0.095030248,0.141109185,0,0,0.788923994,0.02557684,,,,,,,,,,,,,,,,,,,,,,4.413292429,26.82112831,0,21.64165102,0,0.395195205,0,2.254891448,0,4.893479186,2.627109287,,,,,,,,,,,
10,I1,46,,,6.79263,0.07693351,0.23467,1.28151,0.162665,1.40601,,,,,,,,,,,,,,,,,,,,,,,,,,,,,,,,,,,,,,,,,,,,,,,,,,,,,,,,,,,8.865881361,31.82724058,3.892941783,27.00418219,0,0.772059485,0,3.241291297,0,7.01860181,1.925626295,,,,,,,,,,,
12,I1,55,2.816,0.000000704,6.76443,0.076668366,0.22823,1.27388,0.151903,1.53421,0.114827408,,,0,0.053513555,0.523027072,2.646921943,32.72875677,4.269097571,0.004491421,0,0.230250151,0.086219589,0.157173889,1.931033863,0.264771718,0.449105391,1.501135018,0,0.02491539,0.341091637,149.4363076,0.516776152,2.019069857,0,0.470552664,0,0.059029593,0.047335613,0.003357967,0.289003179,0.134011908,0.023506931,0,0,0.268596919,0.016179595,1.471625762,1.696280569,0.066799664,1.690496851,0.491009404,0.095571689,0,1.017663007,0.265128952,0.204395413,0,0,1.072066367,0,0,0.355889054,2.654932495,3.800721781,0.82894757,0.29165234,0,18.31876303,79.34231048,2.335600206,31.46241795,0,0.842228005,0,3.417693034,0,11.75501138,2.821171853,0,0.259025704,0,1.654095272,0,0,0,0,0,0,0
16,I1,64,,,6.25114,0.073497972,0.217988,1.22639,0.158473,1.60723,,,,,,,,,,,,,,,,,,,,,,,,,,,,,,,,,,,,,,,,,,,,,,,,,,,,,,,,,,,20.61545397,71.709515,1.063506783,34.65912322,0,0.893019587,0,3.665969417,0,2.859607233,3.105646083,,,,,,,,,,,
18,I1,73,2.865,7.16E-07,6.21977,0.068047794,0.226201,1.24152,0.145736,1.74705,0.123506941,,,0,0.091403227,0.673319581,1.759245831,24.57809789,2.492888949,0.004081293,0,0.150101652,0.066753284,0.096902411,1.697476454,0.18235572,0.343373646,0,0,0.023912213,0.501643695,160.6029672,0.624612627,0.908418416,0,0.63856131,0,0.068902401,0.050817641,0.002841047,0.307128317,0.127736325,0.012660828,0,0,0.274434983,0,1.508036956,1.774343189,0,1.200216788,0.496809386,0.100491475,0,1.108588624,0.283821459,0,0,0,1.000254971,0,0,0.221717307,2.701504777,4.251645483,0.66430231,0.30473373,0,16.1678415,69.51019882,0.967095999,33.79473487,0,1.317082999,0,2.961585803,0,3.625187406,3.080512296,0,0.335360174,0,1.161651848,0,0,0,0,0,0,0
20,I1,82,,,5.98454,0.056594489,0.22217,1.20153,0.143682,1.81704,,,,,,,,,,,,,,,,,,,,,,,,,,,,,,,,,,,,,,,,,,,,,,,,,,,,,,,,,,,13.19518278,101.1591063,5.215455951,35.21734745,0,1.732495381,0,4.876511233,0,4.183834009,2.308077468,,,,,,,,,,,
24,I1,91,2.763,6.91E-07,6.06673,0.051310196,0.226529,1.22121,0.128117,1.96837,0.134869712,,,0,0.102695403,0.707040536,1.240129513,21.01883882,2.271958927,0.00295011,0,0.144475829,0.058648772,0.069789539,1.526813214,0.160628844,0.274808025,0,0,0.026303507,0.362891183,165.3297728,0.567139567,0.565998242,0,0.596158223,0,0.06968254,0.049991694,0.001773167,0.312444548,0.189496025,0,0,0,0.208326741,0,1.397205047,1.707748569,0.072386442,0.922109069,0.490661904,0.077576284,0,1.099980186,0.304123596,0,0,0,0.509390172,0,0,0.172397286,2.736520964,4.143844136,0.715263449,0.307275155,0,10.13442308,118.2562703,3.414288168,35.60255351,0,2.180754243,0,6.001842552,0,9.725507617,2.244231747,0,0.447950044,0,1.742507213,0,0,0,0,0,0,0
36,I1,100,3,0.00000075,5.85247,0.040606545,0.24443,1.24581,0.167443,2.25325,0.140889465,,,,,0.63578018,0.722271744,17.70245353,1.374288137,0,0,,,,,,,,,,,,,,,,,,,,,,0,0,0,0.136739495,0,,,,,,,,,,,,,,,,,,,,,,6.433315379,120.1592937,4.894143912,37.31421481,0,2.707035286,0,5.674049462,0,12.9216873,2.546547794,,,,,,,,,,,
48,I1,109,3,0.00000075,5.33516,0.038859315,0.237061,1.2031,0.142663,2.35948,0.153882384,,,0,0.130981353,0.645384424,0.743092549,15.79063301,1.165914569,0,0,0.119230822,0.041727299,0.037026322,1.079693364,0.095280821,0.126217537,0,0,0.01723117,0.288332978,140.5919148,0.395742597,0.219582913,0,0.453038776,0,0.055088245,0.037399636,0,0.25296698,0.210082592,0,0,0,0.165745794,0,0.984697073,1.330570403,0,0.554639265,0.494549984,0,0,1.037885924,0.294102352,0,0,0,0,0,0,0.071393631,2.443054813,4.00439074,0.603537288,0.254416168,0,5.179808435,111.973373,4.395466255,37.23952251,0,2.803551295,0,4.770685294,0,11.0133822,2.523239733,0,0.582320482,0,1.772988675,0,0,0,0,0,0,0
72,I1,118,3.07,7.68E-07,2.17034,0.021504861,0.107039,0.611864,0.0711682,1.22482,0.17350588,,,,,0.53614677,0.5284053,8.836209271,0.720525317,0,0,,,,,,,,,,,,,,,,,,,,,,0,0,0,0,0,,,,,,,,,,,,,,,,,,,,,,4.259993911,93.1929463,6.095311695,34.84925859,0,2.754311583,0,3.532142722,0,11.08619764,2.381642169,0,0.553370819,0,1.585830929,0.502969092,0,0,0,0,0,0
0,I2,2,0.612,0.000000306,10.74,0.109700297,0.00975,0.06354,0.03559,0.3227,0,,,0,0.009832112,0.012538565,0.307744008,10.08837077,0.400207024,0,0,0.101614869,0.040938892,0.147754393,0.295064167,0.052145054,0.116582264,3.393868352,0.73322757,0.014875782,0.910365856,11.16553302,0.323459331,1.686081501,0,0.267767059,0.036279674,0.010054625,0.054740626,0,0.059709484,0.01034309,0.035352693,0,0,0.105369021,0.030637127,2.317385982,0.911173054,17.86485084,2.011192211,0.763009624,0.861009745,0,1.309822688,0.888640806,4.298423153,0.762151988,0.580118288,0.476074103,6.758590144,0.270229347,0.27254827,2.23633923,2.763453419,1.061038154,0.246816948,0,1.889276598,4.209292522,0,0.55161012,0,0,0,0,0,10.18624021,0,0,0,0,1.302694852,0,0,0,0,0,0,0
2,I2,11,,,10.16711,0.180034559,0.239089,0.225824,0.211999,0.719165,,,,,,,,,,,,,,,,,,,,,,,,,,,,,,,,,,,,,,,,,,,,,,,,,,,,,,,,,,,,,,,,,,,,,,,,,,,,,,,,
4,I2,20,2.212,0.000000553,9.20972,0.002888141,0.236801,0.317863,0.0789312,0.854636,0.031285222,,,0,0.100557304,1.252410203,0.623555306,5.77835918,3.994369964,0.001656059,0,0.232186128,0.124701314,0.263656879,1.210413042,0.159129638,0.290864396,5.028560498,1.621319501,0.024994128,0.208846948,57.2834047,0.440983176,5.300239928,0,0.254146969,0.028857112,0.044128307,0.06892699,0,0.409385491,0.083242778,0.30261583,0,0,0.623022234,0.064285477,3.41663539,1.536294264,0,4.629784088,0.824191211,0,0,1.577074984,0.638714329,0.392829608,0,0.258068516,0.615179033,10.56007377,0.19297529,0.407251876,3.16218197,5.075931478,1.16574256,0.363678966,0,2.630933702,57.69722021,1.152842178,30.54207793,0,0,0,2.113785161,0,11.11729321,0.780809113,0,0,0,1.546733008,0,0,0,0,0,0,0
6,I2,29,,,8.72653,0.002659256,0.238314,0.339829,0.105699,0.831759,,,,,,,,,,,,,,,,,,,,,,,,,,,,,,,,,,,,,,,,,,,,,,,,,,,,,,,,,,,2.167759537,68.40928784,1.03640735,55.24644852,0,0.784431574,0,4.106475363,0,11.61508135,1.117354776,,,,,,,,,,,
8,I2,38,2.932,0.000000733,7.70806,0.001775444,0.233845,0.393183,0.115864,0.766656,0.101174153,,,,,2.758794205,0.869716041,5.363780298,6.082446964,0.001647916,0,,,,,,,6.024064952,2.171693195,0.041417871,0.055675578,79.37726053,0.34848151,7.796172705,0,0.256736749,0.034221521,0.072001523,0.109409256,0.001771575,0.376203645,0.092407121,0.207136715,0,0,0.876020315,0.047398386,,,,,,,,,,,,,,,,,,,,,,1.45750685,91.441629,5.182998454,108.5552627,0,0.830173149,0,10.32048329,0,10.69702186,1.075658272,,,,,,,,,,,
10,I2,47,,,6.53259,0.001487638,0.235908,0.424935,0.15221,0.626666,,,,,,,,,,,,,,,,,,,,,,,,,,,,,,,,,,,,,,,,,,,,,,,,,,,,,,,,,,,0.754549074,93.95510644,6.750540958,152.4785772,0,0.980867418,0,15.25823674,0,10.21996409,1.473546116,,,,,,,,,,,
12,I2,56,3.492,0.000000873,5.85184,0.000317379,0.232033,0.435388,0.160198,0.406988,0.1846021,,,0,0.129050576,3.675133727,1.283673581,7.188823923,12.00525513,0.004505487,0,0.462269946,0.193568247,0.386296185,1.871280825,0.247255325,0.27462615,3.72819861,1.689040396,0.031301895,0.093650763,76.42907997,0.273832861,11.10456625,0,0.235413656,0.033598935,0.071625447,0.143539526,0.004774019,0.199305155,0.090647301,0.127206258,0,0,2.92415724,0.031565988,0.363057425,0.910598691,0,0.500965955,0.320464039,0,0,1.231225043,0,0.514510286,0,0.275475079,0.385825131,0,0,0.161403465,2.106806513,3.595568186,0.637413443,0.193215746,0,0.516943397,88.1968338,8.269448738,194.8279322,0,1.527914364,0,19.18139324,1.231945485,10.64956411,1.955165873,0,0,0,2.005829359,0,0,0,0,0,0,0
16,I2,65,,,4.67455,0,0.227798,0.412805,0.171495,0.16524,,,,,,,,,,,,,,,,,,,,,,,,,,,,,,,,,,,,,,,,,,,,,,,,,,,,,,,,,,,0.276433807,111.0944943,12.47545939,234.369999,0,2.194438133,0,29.01346423,2.589669646,12.75121698,2.252135935,,,,,,,,,,,
18,I2,74,3.643,9.11E-07,3.91219,0,0.232225,0.388971,0.173532,0.125989,0.473839155,,,0,0.138902863,4.221687429,1.90867172,8.473734079,10.79217989,0.001623486,0,0.371302815,0.193820103,0.374854686,2.012239198,0.308033031,0.215372237,3.15820717,1.541392309,0.046205563,0.080093721,61.99693466,0.248299848,8.539535718,0,0.235058048,0.033341197,0.087186032,0.271480214,0.006754703,0.177505039,0.099745236,0.070925077,0,0,3.688483497,0.017725604,0.398618036,0.646750295,0,0.408062253,0.31110563,0.062215475,0,1.303086027,0,0.587511139,0,0.335925796,0.603568059,0,0,0.218818215,2.234519698,3.881033315,0.767516415,0.18417786,0,0.369792277,110.4883726,13.40161429,239.7580251,0,2.548598816,0,28.14553143,2.60938414,8.981546264,3.057608737,0,0,0,1.483306836,0,0,0,0,0,0,0
20,I2,83,,,2.96567,0,0.227323,0.405053,0.190257,0.127399,,,,,,,,,,,,,,,,,,,,,,,,,,,,,,,,,,,,,,,,,,,,,,,,,,,,,,,,,,,0.548125337,116.8375448,16.36853855,253.6267379,0,2.837503805,0,33.08837455,2.174762164,10.47635442,3.663399675,,,,,,,,,,,
24,I2,92,3.838,9.60E-07,2.01273,0,0.250043,0.380873,0.181182,0.149538,0.728283462,,,0,0.159128418,4.182626563,1.601773249,7.03810151,11.20516648,0.002234236,0,0.43476391,0.195270702,0.380186242,2.223868359,0.302358775,0.184016702,1.578079925,1.612059709,0.062155787,0.111936749,70.71562603,0.244279848,8.101651232,0,0.222336706,0.020200555,0.121112215,0.326388,0.01195106,0.138329053,0.103928957,0.246783131,0,0,10.39137915,0.015206789,0.508175815,0.654620667,0,0.353778784,0.263208548,0.060827973,0,1.186150379,0,0.596914106,0,0.254371803,1.13643387,0,0,0.578603691,2.531951397,4.472459775,0.920979068,0.184069677,0,0.539811714,127.3229198,21.29404087,278.8820866,0,3.096031586,0,43.82522938,1.942200922,11.5900198,4.842566729,0,0,0,1.94661328,0,0,0,0,0,0,0
36,I2,101,3.365,8.41E-07,0.0492529,0,0.261576,0.267691,0.214109,0.230769,1.036197538,,,,,4.169873649,0.648013004,0.863700883,29.5171301,0.004067228,0,,,,,,,,,,,,,,,,,,,,,,0.047708684,0,0,10.23130535,0,,,,,,,,,,,,,,,,,,,,,,0.402484719,84.34174844,29.23383136,291.481146,0,4.733957225,0,30.05776855,2.395505999,13.1818165,3.391683658,,,,,,,,,,,
48,I2,110,3.365,8.41E-07,0,0,0.258078,0.103522,0.233858,0.26933,1.116717825,,,0,0.015027106,3.914136149,0.763137194,0.695969489,25.87216058,0,0,0.631740082,0.115715877,0.076320216,2.078671364,0.253960819,0.050051686,0,3.038914427,0.203500958,0.092534821,7.723065912,0.109338268,0.536524106,0,0.084244765,0.003867088,0.104724843,0.576725458,0.013424376,0.078673088,0.203674193,0.015440764,0,0,8.694062365,0,0.177654903,0.509018777,0,0.069497401,0.180730809,0,0,0.633100895,0.008149545,0.560365736,0,0,2.433290997,0,0,0.602140705,2.30322541,4.001707503,0.735549609,0.14719867,0,0.35807124,44.35268495,28.34243517,269.7907625,0,4.893259655,0,14.42150651,4.548213791,14.95267181,3.007942451,0,0,0,2.027674734,0,0,0,0,0,0,0
72,I2,119,3.16,0.00000079,0,0,0.233385,0.00303925,0.209544,0.271301,1.136421117,,,,,4.226167097,1.105771525,0.25406551,6.217285198,0,0,,,,,,,,,,,,,,,,,,,,,,0,0,0,6.779665676,0,,,,,,,,,,,,,,,,,,,,,,0.309184797,18.20004215,28.67068521,260.915082,0,4.956483343,0,4.751051539,6.149988198,31.43642993,3.542475443,0,0,0,2.024259554,0,0,0,0,0,0,0
0,I3,3,1.472660498,7.36E-07,10.5983,0.132314569,0.0154151,0.0650781,0.0808465,0.51708,0,,,,0,0.014374634,0.307744008,0.33804911,0,0,0,0.171623237,0.056790834,0.170979836,0.052535768,0.063575429,0.151420248,5.843841423,1.152354628,0.01649191,3.008530771,10.70867384,0.207922748,2.793847195,0,0.145027627,0.048892652,0.022485766,0.093326237,0.001477038,0.224940808,0.04323179,0.056276306,0,0,0.100090303,0.054325947,2.199901056,0.788865258,4.088937593,1.393550494,0.665770035,0.858989488,0,1.25014595,0.724790423,4.345012301,0,0.345397939,0.281287847,5.345116879,0.216838259,0.109032506,1.932791892,2.199511636,0.945130869,0.232761889,0,0,0,0,0.460018017,0,0,0,0,0,12.34475355,0.657643721,0.138316901,0,0,1.704390665,0,0,0,0,0,0,0
2,I3,12,,,9.50289,0.003860335,0.239993,0.0915427,0.149696,0.902075,,,,0,,,,,,,,,,,,,,,,,,,,,,,,,,,,,,,,,,,,,,,,,,,,,,,,,,,,,,,,,,,,,,,,,,,,,,,,,,,,
4,I3,21,2.731,6.83E-07,8.51387,0.003749292,0.23343,0.114556,0.149069,1.08572,0.077045862,,,,0.00767629,1.10484463,0.623555306,11.55273333,6.718619353,0,0,0.317549523,0.140257282,0.343197657,1.77817708,0.209858877,0.279537377,4.495855908,1.993045131,0.042487028,0.412423554,29.7978391,0.344630188,6.24171296,0,0.227719957,0.031284693,0.083847781,0.094792796,0.003873342,0.325610249,0.073912415,0.340164133,0,0,0.308009177,0.045113765,2.048681307,1.003861706,0,0.59472962,0.699004946,0.069505156,0,1.580706327,0.37101968,0.479865174,0,0.289771524,0.940630264,13.22995702,0,0.573193572,2.916677673,4.959992313,0.803651547,0.310280465,0,2.901290368,129.869886,4.242486691,28.50088843,0,0.465226543,0,4.643005475,0,12.87833861,1.399401993,0,0,0,1.583505074,0,0,0,0,0,0,0
6,I3,30,,,7.84762,0.003283817,0.238854,0.0885896,0.195642,1.15697,,,,0,,,,,,,,,,,,,,,,,,,,,,,,,,,,,,,,,,,,,,,,,,,,,,,,,,,,,,,2.035081146,112.7174773,6.061652069,42.34561341,0,0.888664063,0,5.423568057,0,11.86921354,1.274192226,,,,,,,,,,,
8,I3,39,3.436,0.000000859,7.13486,0.002151631,0.244098,0.0915119,0.22087,1.07517,0.231924864,,,,,1.672044795,0.869716041,11.58330034,5.611453282,0.002313449,0,,,,,,,2.825099021,1.41848573,0.026342511,0.178539722,32.35460006,0.239568831,7.357237388,0,0.164278537,0.024058847,0.0965045,0.108457797,0.007287214,0.308341417,0.084438127,0.351266975,0,0,0.857445781,0.024875896,,,,,,,,,,,,,,,,,,,,,,0.541755462,79.24990047,7.923716297,63.33716494,0,0.846480642,0,5.392425901,0.818603052,10.7684306,1.406147337,,,,,,,,,,,
10,I3,48,,,6.39175,0.002652458,0.250192,0.106881,0.258687,0.977458,,,,,,,,,,,,,,,,,,,,,,,,,,,,,,,,,,,,,,,,,,,,,,,,,,,,,,,,,,,0.908245709,90.05234069,10.84760433,80.11224291,0,0.853879889,0,7.275544648,1.542025431,12.83088086,1.828556748,,,,,,,,,,,
12,I3,57,3.676,0.000000919,5.79001,0.001474041,0.248022,0.104358,0.247489,0.887249,0.336581552,,,,0.008369372,1.764374424,1.283673581,12.83644077,8.257723735,0.003872528,0,0.419323694,0.174573101,0.405781766,2.115673665,0.24434061,0.353337577,2.063730555,1.236492202,0.024354019,0.198704026,57.30036355,0.266306504,8.910262042,0,0.196151425,0.034246993,0.115897142,0.139961502,0.007108774,0.23502024,0.085965518,0.324636273,0,0,2.75851243,0,0.329551806,0.842877165,0,0.515553664,0.426437118,0.073022708,0,1.574049055,0,0.576231064,0,0.349302197,1.164773741,14.09947126,0,0.609629993,2.627330644,4.169352038,0.712778521,0.163832472,0,0.826959556,91.39947542,12.85591619,89.16096351,0,0.775497606,0,8.743001699,1.555654191,13.7590464,1.91531696,0,0.243858558,0,1.138923237,0,0,0,0,0,0,0
16,I3,66,,,4.77022,0.001639472,0.237415,0.0790685,0.265953,0.750118,,,,0,,,,,,,,,,,,,,,,,,,,,,,,,,,,,,,,,,,,,,,,,,,,,,,,,,,,,,,0.827018103,111.2246083,16.77399966,104.0374604,0,1.000287225,0,12.28645648,1.946865283,13.76241509,2.121919089,,,,,,,,,,,
18,I3,75,3.522,8.81E-07,3.99344,0.000723253,0.242977,0.0827471,0.300344,0.676712,0.644332741,,,,0.006214554,1.820365525,1.90867172,11.32056215,8.002499099,0.002260147,0,0.356355561,0.180499714,0.389972402,2.400439643,0.326855578,0.275772821,2.347958159,1.348191402,0.032850404,0.086071195,50.06696507,0.270294073,8.966236762,0,0.204442873,0.020952331,0.127566803,0.19976839,0.010032603,0.183534859,0.105057898,0.168004427,0,0,12.20985902,0,0.449351431,0.754522223,0,0.477953178,0.362610906,0.055548882,0,1.385764371,0,0.564715625,0,0.29298834,1.097526664,0,0,0.451402996,2.533078993,4.140602189,0.732430382,0.162620575,0,0.780485235,114.8388328,20.94744977,113.8705479,0,1.092036165,0,14.11576364,1.944797365,12.37984711,2.927698001,0,0,0,1.107146362,0,0,0,0,0,0,0
20,I3,84,,,3.00547,0.001177397,0.238111,0.10526,0.289641,0.617065,,,,0,,,,,,,,,,,,,,,,,,,,,,,,,,,,,,,,,,,,,,,,,,,,,,,,,,,,,,,0.763869699,115.4731271,21.69908982,116.7177864,0,1.307874667,0,14.79877667,1.662421363,12.50334092,3.033590065,,,,,,,,,,,
24,I3,93,3.609,9.02E-07,2.08861,0,0.272335,0.122202,0.357734,0.634946,0.868716038,,,,0.008422429,2.130786859,1.601773249,11.04764205,10.28189057,0.002204624,0.001786321,0.508321856,0.225770702,0.494875526,3.005993242,0.358952877,0.314829327,1.09795277,1.229173905,0.044551342,0.085353014,53.4552786,0.317508416,9.011714573,0,0.257240273,0.016771431,0.145882977,0.241985408,0.010781481,0.131835401,0.128832062,0.18468339,0,0,13.11860526,0,0.496147397,0.787730972,0,0.412761164,0.292476157,0,0,1.376095013,0,0.582725388,0,0.234716837,1.189799811,0,0,0.437832851,2.513627332,4.166810066,0.68641017,0.147996412,0,0.704117,123.4141823,27.22160398,134.8789594,0,1.498977566,0,19.63026619,1.513428639,12.52162807,4.625524076,0,0.262721842,0,1.929331292,0,0,0,0,0,0,0
36,I3,102,3.143,7.86E-07,0.105013,0,0.27751,0.089374,0.411097,0.517504,1.232061366,,,0,,2.08655147,0.648013004,0.80087708,16.92828921,0.001721946,0,,,,,,,,,,,,,,,,,,,,,,0.030296552,0,0,7.566282721,0,,,,,,,,,,,,,,,,,,,,,,0.414685839,125.1715651,38.81806629,139.0185063,0,1.987850832,0,21.0138569,2.288277009,13.63185074,4.207968689,,,,,,,,,,,
48,I3,111,3.143,7.86E-07,0,0,0.238896,0.00778801,0.385568,0.207074,1.235809988,,,,0.022634511,1.986295041,0.763137194,0.247242559,13.58422082,0,0,1.486568262,0.18915791,0.128397792,2.974407218,0.470234391,0.129837475,0,0,0.146726676,0.078690507,1.26312591,0.12049346,1.131101306,0,0.095105247,0.006358531,0.103662813,0.431172654,0.007984963,0.09954554,0.574664046,0.012713476,0,0,4.652309272,0,0.300342673,0.065772223,0,0.108156029,0.204699445,0,0,1.000658193,0,0.754009918,0,0,2.137119363,0,0,0.653397221,2.312019408,3.813459844,0.596966413,0.083917712,0,0.184972249,57.61832276,37.08651898,125.2495132,0,1.718828638,0,8.937451388,18.86732484,18.66500083,3.859287967,0,0,0,2.041256943,0,0,0,0,0,0,0
72,I3,120,3.041,7.60E-07,0,0,0.22384,0.00598906,0.371505,0.00222315,1.255362473,,,0,,2.204279305,1.105771525,0.065169513,3.955110708,0,0,,,,,,,,,,,,,,,,,,,,,,0.015129427,0,0,3.4189822,0,,,,,,,,,,,,,,,,,,,,,,0.147525819,24.05463572,35.21658939,116.1959273,0,2.629930509,0,3.344519539,21.72195482,68.65285876,3.798098841,0,0,0,1.907427035,0,0,0,0,0,0,0
0,B1,4,1.467628934,7.34E-07,10.61652,0.11117853,0.0244513,0.0659972,0.13278,0.518768,,0,,0,0,0.00738417,0,0.039896998,0,0,0.252663733,0.121344587,0.047704026,0.329544064,0.471763606,0.063415672,0.174568439,4.156994211,0.886893533,0.011449414,5.504142411,10.97742086,0.25058379,2.408060972,0,0.163983883,0.043114055,0.01841719,0.041734194,0.001201137,0.227295649,0.033984437,0.051734293,0,0,0,0.01059169,2.994990628,0.843053485,11.24968716,1.814479192,0.857631575,1.044709686,0,1.510467766,1.02310168,5.237492251,0.409435189,0.472748123,0.782334183,7.119580857,0.31657194,0.359713273,2.515944101,3.162101616,1.070725567,0.251666412,0,0,0,0,0.059811152,0,0,0,0,0,0,0,0,0,0,1.926789535,0.266510246,0,0,0,0,0,0
2,B1,13,,,9.27906,0.167601129,0.254034,0.143432,0.200522,1.05374,,,,,,,,,,,,,,,,,,,,,,,,,,,,,,,,,,,,,,,,,,,,,,,,,,,,,,,,,,,,,,,,,,,,,,,,,,,,,,,,
4,B1,22,2.734,6.84E-07,8.19526,0.686718902,0.246521,0.207673,0.1962,1.28744,,0.017656457,,0,0.133421741,0.177628549,1.673397815,0.375662867,0,0.016753809,0.075038974,0.349454634,0.162440605,0.474698295,2.737296355,0.319540382,0.556358845,3.040497133,2.029061019,0.044799584,5.378256383,94.09110773,0.262060937,9.514382988,0,0.17020349,0.050556271,0.097650164,0.088965008,0.003463364,0.203551005,0.082445879,0.055113829,0,0,0.140570198,0.019896677,1.072878744,1.455060777,0,1.063457012,0.505452773,0.110838356,0,1.137292177,0.252218372,0.310245632,0,0.076043045,1.085368261,2.94777024,0,0.34397601,2.263924275,4.026278718,0.534560473,0.220553389,0,0,0,1.483822877,0.425772585,0,0.596979492,0,0,0.200157899,0,0,0,0.228673194,0,1.972286012,0.667519577,0,0,0,0,0,0
6,B1,31,,,7.43907,0.633010288,0.264849,0.336364,0.217777,1.48442,,,,,,,,,,,,,,,,,,,,,,,,,,,,,,,,,,,,,,,,,,,,,,,,,,,,,,,,,,,0.484046114,0,2.070778241,0.395725066,0,1.194401599,0,0,0.051032182,0,0,,,,,,,,,,,
8,B1,40,3.109,7.77E-07,6.76054,0.408431233,0.264467,0.240569,0.215062,1.83408,,0.034847173,,,,0.092189551,2.182510781,0.334296109,0,0.013571244,0.072023371,,,,,,,2.496771488,1.560607787,0.037228368,3.21452157,79.34627617,0.194754929,4.78977036,0,0.130932872,0.014971016,0.097272422,0.049271202,0.003224242,0.111783575,0.081947817,0.053743035,0,0,0.072922494,0.009521166,,,,,,,,,,,,,,,,,,,,,,0.7188298,0,3.10795989,0.57807048,0,2.399251579,0,0,0.240940666,0,0,,,,,,,,,,,
10,B1,49,,,6.1932,0.168047794,0.258194,0.191885,0.245899,2.161,,,,,,,,,,,,,,,,,,,,,,,,,,,,,,,,,,,,,,,,,,,,,,,,,,,,,,,,,,,0.692490393,0,0,0.621498817,0.163758994,3.086215915,4.482889153,0,0.488272035,0,0,,,,,,,,,,,
12,B1,58,3.031,7.58E-07,5.95803,0.063062184,0.246557,0.0885833,0.248718,2.37983,,0.060926239,,0,0.104336596,0.088284858,2.026834423,0.19016496,0,0.011330345,0.082297774,0.340187116,0.157009709,0.317989637,2.094728593,0.267533703,0.300972434,0.830814318,1.076924092,0.032379436,0.639766417,40.94102958,0.22127718,2.417764648,0,0.116913556,0,0.155740457,0.061443979,0.002514554,0.143145772,0.081449755,0.031435955,0,0,0.08218732,0,0.69664601,1.259733842,0,0.053092473,0.388757111,0.370619356,0,0.837422067,0.148143088,0,0,0,2.300104991,0,0,0.217275466,1.796132546,3.067846137,0.448505988,0.115538823,0,2.335708442,0,1.840092289,0.621286961,0,1.353031908,4.51115792,0,0.501324389,0,0,0,0.895112125,0,2.190641622,0.529164695,0,0,0,0,0,0
16,B1,67,,,5.47903,0.00930598,0.228914,0.00867002,0.252547,2.65442,,,,,,,,,,,,,,,,,,,,,,,,,,,,,,,,,,,,,,,,,,,,,,,,,,,,,,,,,,,0.270911119,0,3.815635815,0.352376705,0.230090393,3.686924098,4.10110816,0,0.703154708,0,0.300640642,,,,,,,,,,,
18,B1,76,2.987,7.47E-07,5.29091,0.005292565,0.222466,0.00497943,0.228087,2.84301,,0.086083091,,0,0.116972803,0.075460371,1.190287278,0.176015523,0,0.006934423,0.09583676,0.317318097,0.130177898,0.177446305,1.722311453,0.222019305,0.222457565,0.498847625,0,0.024290227,0.125239665,15.63813156,0.15560432,0.738956032,0,0.099458621,0,0.127481725,0.049637579,0.002810425,0.10368435,0.085367843,0.030785331,0,0,0.072606074,0,0.778781227,1.243834907,0,0.050612841,0.323360548,0.382557444,0,0.730031871,0.123494574,0,0,0,2.244450011,0,0,0.147246384,1.740130768,2.864095844,0.415890041,0.118780815,0,0.165781579,2.591919713,1.36686485,0.487781212,0.181794787,3.836796008,4.845132338,0,0.240725774,0,0.303014242,0,1.140608098,0,1.626881784,0.685421032,0,0,0,0,0,0
20,B1,85,,,5.03566,0.005584903,0.220438,0.00333534,0.214395,2.98172,,,,,,,,,,,,,,,,,,,,,,,,,,,,,,,,,,,,,,,,,,,,,,,,,,,,,,,,,,,0,2.942283663,1.447084923,0.391254907,0.165152961,3.422240702,5.318985255,0,0.113341524,1.8544543,0.26473706,,,,,,,,,,,
24,B1,94,2.784,0.000000696,4.93918,0.006264759,0.232909,0.00467092,0.262045,3.26669,,0.087204164,,0,0.147183064,0.062392289,0.653110074,0.171830724,0,0.006650147,0.160357415,0.264337206,0.113529412,0.161743955,1.514035517,0.226530974,0.177407153,0,0.90771855,0.020101817,0.070801568,11.09646119,0.14720468,0.326939776,0,0.117939898,0,0.157762889,0.065704482,0.004723404,0.045848035,0.061328046,0.039055591,0,0,0.101307174,0,0.72447469,0.900897738,0,0.046737104,0.338068423,0.186597859,0,0.863607742,0.147307443,0,0,0,1.109113586,0,0,0.114545267,1.853954201,3.118086487,0.413658811,0.133485212,0,0,3.430413138,1.677238442,0.512508501,0.177548548,3.597006317,5.146625149,0,0.125814604,1.662398766,0.298820113,0,1.871862667,0,2.814608726,1.021902086,0,0,0,0,0,0
36,B1,103,3.125,7.81E-07,4.43621,0.003998572,0.235399,0.00959616,0.23902,3.60429,,0.07139108,,,,0.042352875,0.256179263,0.142867678,0,0.004052421,0.129808503,,,,,,,,,,,,,,,,,,,,,,0,0,0,0.043076896,0,,,,,,,,,,,,,,,,,,,,,,0,2.864713699,1.349365516,0.635489779,0.240448643,2.563528575,5.336080838,0,0.138614694,1.720092557,0.336336821,,,,,,,,,,,
48,B1,112,3.125,7.81E-07,4.00043,0.005539126,0.240674,0.034232,0.246046,3.94961,,0.087439476,,0,0.127340944,0.030352119,0.210646015,0.116216363,0,0,0.07898002,0.475312294,0.140354083,0.072209184,0.854854411,0.321418971,0.049705927,0,0,0.023549144,0.050847194,7.767226035,0.050580105,0.065411291,0,0.065661561,0,0.10068731,0.048284532,0.001345959,0.047417929,0.105755185,0,0,0,0.025539143,0,0.490961983,0.728912067,0,0.033761537,0.330036752,0.054260126,0,0.738449211,0.119811255,0,0,0,0.031711183,0,0.004841714,0.03664225,1.216185391,1.91602097,0.257550236,0.082942041,0,0,0,1.385074097,0.6486598,0.275512283,1.966294245,5.389504533,0,0.166709489,2.364057077,0.199520671,0,1.007909234,0,2.121543112,2.011786251,0,0,0,0,0,0
72,B1,121,3.376,0.000000844,2.83857,0.005829651,0.221085,0.0755779,0.169275,4.0811,,0.093210415,,,,0.026660225,0.092089813,0.081609057,0,0,0.039285552,,,,,,,,,,,,,,,,,,,,,,0,0,0,0.027400636,0,,,,,,,,,,,,,,,,,,,,,,0,0,1.914065134,0.590847508,0.269786294,1.359510173,4.986781451,0,0,1.441496336,0.292897636,0.147419962,1.961918166,0,1.928330291,2.988329616,0,0,0,0,0,0
0,B2,5,1.819895927,9.10E-07,10.63365,0.146065787,0.0180447,0.0742666,0.101977,0.511935,,0,,0,0,0.01103445,0,0.015228931,0,0,0.020447527,0.137627956,0.048810251,0.19772717,0.388082536,0.05900725,0.138145899,5.045481128,1.070103732,0.011954831,2.288029795,10.19193528,0.167232842,2.114610807,0,0.12545297,0.035764517,0.015526764,0.061367866,0.00090447,0.190296106,0.035279398,0.035860322,0,0,0,0.021363529,2.188196835,0.7221317,5.025743614,1.329977237,0.610961189,0.806471566,0,1.244982829,0.680985807,4.057168455,0.207589898,0.30637991,0.233038624,4.736263214,0.208650338,0.082625106,1.776906345,2.06756277,0.834027875,0.21500727,0,0,0,1.913035762,0.088515505,0,0,0,0,0,1.974701118,0,0.146768583,0,0,1.882676794,0.320587961,0,0,0,0,0,0
2,B2,14,,,8.96816,0.050493915,0.23268,0.113987,0.156479,1.17274,,,,,,,,,,,,,,,,,,,,,,,,,,,,,,,,,,,,,,,,,,,,,,,,,,,,,,,,,,,,,,,,,,,,,,,,,,,,,,,,
4,B2,23,2.578,6.45E-07,8.07478,0.256240964,0.231355,0.136101,0.163258,1.31031,,0.015524487,,0,0.034719864,0.782196648,1.345414037,3.516953894,0.335021378,0.060949189,0.287687519,0.222699942,0.101418903,0.212241101,1.803443454,0.197935486,0.226722171,2.073146611,1.368864144,0.034872433,0.798020296,50.00579635,0.187750368,5.021188554,0,0.169726112,0.014854654,0.055281391,0.13711632,0.002279037,0.229668329,0.064050786,0,0,0,0.039513243,0,1.576125366,0.986636924,0,2.27577819,0.374282982,0.057357377,0,0.909928041,0.176613756,0,0,0.050887541,0.123576332,0,0.002365146,0.052588386,1.683816089,2.914956654,0.345774221,0.166790685,0,3.212723441,4.772308058,0,44.02602173,0,1.103115737,3.866043899,0,0.318825008,1.828461242,0,0,0,0,1.747198179,1.771471608,0,0,8.826426196,0,0,0
6,B2,32,,,7.5089,0.219447164,0.239113,0.197371,0.194112,1.35427,,,,,,,,,,,,,,,,,,,,,,,,,,,,,,,,,,,,,,,,,,,,,,,,,,,,,,,,,,,3.626646833,5.034986811,0,56.69090068,0,1.194830801,3.790579113,0,0.299839765,2.323332048,0.506152924,,,,,,,,,,,
8,B2,41,3.283,8.21E-07,6.78434,0.269441498,0.227249,0.222995,0.424796,1.43102,,0.032362022,,,,1.453928273,1.092432638,4.893779957,0.395429105,0.086596264,0.310262764,,,,,,,1.066617281,1.018016827,0.027577163,2.241099448,74.67484224,0.245879477,5.598241202,0,0.232661214,0.014989066,0.076580066,0.137637464,0.003319432,0.176434657,0.066673913,0,0,0,0.020738982,0,,,,,,,,,,,,,,,,,,,,,,4.472215198,7.697514826,0,78.7847825,0,1.422415065,4.994413408,0,0.306996604,2.097030467,0.362653823,,,,,,,,,,,
10,B2,50,,,6.1935,0.236706438,0.251297,0.246662,0.215905,1.43846,,,,,,,,,,,,,,,,,,,,,,,,,,,,,,,,,,,,,,,,,,,,,,,,,,,,,,,,,,,4.731057394,9.743330887,0,99.85952684,0,1.50380246,3.185700766,0,0.40315611,1.294562283,0.275360649,,,,,,,,,,,
12,B2,59,3.403,8.51E-07,5.69954,0.201362998,0.241876,0.213228,0.217181,1.43513,,0.052531876,,0,0.053058337,2.045994047,0.560976901,2.680129493,0.373613373,0.062178833,0.286900492,0.230614917,0.104764135,0.168219435,2.16506183,0.271737466,0.290715535,0.866071254,0.691714584,0.013788946,3.846133873,60.38558569,0.269128548,3.955943396,0,0.265134208,0.007597565,0.090780182,0.132779266,0.003841783,0.151423394,0.062423783,0,0,0,0.014476781,0,0.388431966,0.796746541,0,0.158215877,0.39730343,0.0523057,0,0.840954366,0.01671032,0,0,0,0.159520695,0,0,0.124350251,2.284317197,4.197772082,0.108924407,0.150277323,0,0.407517045,5.921973859,0,236.2492278,0,0.174068163,0,0,0.239286932,1.568993444,0.346776052,0,0,0,1.712958056,0.894126507,0,0,0,0,0,0
16,B2,68,,,5.06223,0.130381512,0.236214,0.139734,0.21843,1.46024,,,,,,,,,,,,,,,,,,,,,,,,,,,,,,,,,,,,,,,,,,,,,,,,,,,,,,,,,,,3.592750713,11.93799956,0,134.1533365,0,1.898426707,4.40162408,0,0.28681544,1.812340918,0.3234779,,,,,,,,,,,
18,B2,77,3.273,8.18E-07,4.8448,0.100449725,0.235824,0.112367,0.225923,1.53171,,0.103003309,,0,0.078693677,2.069160877,0.215713817,1.034976586,0.361354166,0.039116898,0.299370977,0.175457295,0.084123644,0.127207119,1.717038968,0.200764061,0.192486421,0.487631728,0,0.009885231,2.770995267,34.05366789,0.175986415,2.19521436,0,0.183052467,0.006939245,0.050304226,0.070668398,0.001794518,0.094407705,0.072849883,0,0,0,0.019609071,0,0.108189526,0.646700239,0,0.047678769,0.283519223,0,0,0.701596958,0.0039373,0,0,0,0.154227647,0,0,0.132867679,1.702853691,3.456541174,0.125684928,0.066030611,0,2.627107971,10.1524822,0,144.8713267,0,1.919122282,4.386054889,0,0.229149635,1.795989202,0.315112688,0,0.761711838,0,1.657245481,1.955519937,0,0,7.50967852,0,0,0
20,B2,86,,,4.39488,0.077481927,0.220193,0.0769124,0.207765,1.53427,,,,,,,,,,,,,,,,,,,,,,,,,,,,,,,,,,,,,,,,,,,,,,,,,,,,,,,,,,,2.655847279,12.22088895,0,151.8549418,0,2.040224258,3.826418781,0,0.19362705,4.005399152,0.248836245,,,,,,,,,,,
24,B2,95,3.396,0.000000849,4.32887,0.063170508,0.235566,0.053395,0.216459,1.66426,,0.132553088,,0,0.085512364,2.462132738,0.193780806,1.600852123,0.284190771,0.023090067,0.276547596,0.148698763,0.048408624,0.070808426,1.068754404,0.136567018,0.1074024,0,0,0.008794932,0.593725509,17.05594965,0.22064251,1.103997837,0,0.23871509,0.004552345,0.049475661,0.06986969,0.001422654,0.120703427,0.078461382,0,0,0,0.025125104,0,0.107539389,0.477968219,0,0.022882506,0.296000052,0.028257121,0,0.753886668,0.002411743,0,0,0,0.067125701,0,0,0.055463872,1.867561308,3.691459718,0.121403788,0.069295521,0,3.429398785,14.32279498,0,184.9512668,0,2.748890111,4.745611625,0,0.166756205,2.004319321,0.23180624,0,1.249709069,0,3.013199474,3.221022784,0,0,13.89093545,0,0,0
36,B2,104,3.232,0.000000808,4.13,0.038245179,0.239074,0.0264785,0.22691,1.80556,,0.265332399,,,,2.512805837,0.221664012,1.678911034,0.348986495,0.011665703,0.158315785,,,,,,,,,,,,,,,,,,,,,,0,0,0,0.022279567,0,,,,,,,,,,,,,,,,,,,,,,3.875413413,17.80263393,0,176.3511358,0,2.919886798,6.011783741,0,0.077090175,1.826687235,0.248582753,,,,,,,,,,,
48,B2,113,3.232,0.000000808,3.94807,0.030034786,0.2424,0.0132686,0.238814,1.92352,,0.273193031,,0,0.029035209,2.471345963,0.273014121,1.461196153,0.464867511,0.009004312,0.103090496,0.295775008,0.024653341,0.027932375,0.319456108,0.048382682,0.0295092,0,0,0.002083634,0.235927884,6.227773385,0.119996848,0.291925842,0,0.136191832,0.003855727,0.030214967,0.03665497,0,0.087628618,0.068168099,0,0,0,0.010781847,0,0,0.409684845,0,0.0223852,0.272422879,0,0,0.748966754,0.001838429,0,0,0,0.027946397,0,0,0.02487797,1.803626144,3.45261605,0.100558611,0.040532264,0,4.26795587,22.33062933,0,173.1768573,0,3.068578403,4.93048814,0,0,2.134747397,0.220468268,0,1.209579897,0,2.558617441,2.128683203,0,0,0,0,0,0
72,B2,122,3.345,8.36E-07,3.3178,0.026864391,0.220413,0.00647695,0.222567,1.93698,,0.289152288,,,,2.498712033,0.264281242,1.061577102,0.539371472,0.004883782,0.068648647,,,,,,,,,,,,,,,,,,,,,,0,0,0,0,0,,,,,,,,,,,,,,,,,,,,,,5.106066691,30.41827486,0,171.4483829,0,3.732982819,6.359678847,0,0,1.756575395,0.213462691,0,1.325280626,0,2.318514593,2.0011812,0,0,0,0,0,0
0,L1,6,1.325506414,6.63E-07,10.68805,0.114880799,0.0219144,0.0607842,0.0985135,0.496416,,,0,0,0.002562442,0.003714964,0,0.071363742,0,0.008239197,0.053964742,0.194406312,0.093813392,0.048467821,0.641765044,0.076969922,0.386458991,3.90786266,0.914571649,0.014560466,4.37967584,9.126083755,0.230800039,2.079791022,0,0.154839662,0.031963765,0.018196665,0.042704703,0.00059996,0.112925316,0.03328715,0.047867775,0,0,0,0.010871046,2.509732601,0.763400137,8.699909169,1.62331188,0.809359135,0.873676341,0,1.633387473,0.981288194,4.180544632,0.635805015,0.4437979,0.70938697,9.72267629,0.310808474,0.392895112,2.242397099,2.742121197,1.032960003,0.216967012,0,0,0,1.731937173,23.39859889,0,0,4.013249077,0,0,1.704589279,0,0,0,0,1.623142751,0,0,0,0,0,0,0
2,L1,15,,,9.39859,0.104988896,0.248183,0.143493,0.138285,1.0665,,,,,,,,,,,,,,,,,,,,,,,,,,,,,,,,,,,,,,,,,,,,,,,,,,,,,,,,,,,,,,,,,,,,,,,,,,,,,,,,
4,L1,24,2.967,7.42E-07,8.4536,0.64485791,0.233069,0.198285,0.126101,1.27408,,,0.002417349,0,0.203157517,0.161368897,0.516691345,0.721003731,0,0.051389771,0.063534677,0.36322185,0.200192461,0.423086512,2.462201452,0.18817843,0.815274553,2.204509545,1.65020439,0.045319764,1.682432206,75.76425981,0.172424436,8.518569467,0,0.118668927,0.072032784,0.102588011,0.129696811,0.004561117,0.179039254,0.069064611,0,0,0,0.060115858,0.016656285,0.972518758,1.102113975,0,3.390349507,0.372125291,0.10083697,0,1.026160912,0.190510639,0,0.217484133,0,0.243925073,2.692315179,0,0.054818052,2.034872815,3.105049512,0.282769149,0.201704481,0,0,0,0,3.833159788,0,0.26087423,5.254815765,0,0,1.76228307,0.198091902,0,0.283557842,0,1.60409429,0,0,0,0,0,0,0
6,L1,33,,,7.76677,0.694666417,0.240906,0.32838,0.156482,1.41777,,,,,,,,,,,,,,,,,,,,,,,,,,,,,,,,,,,,,,,,,,,,,,,,,,,,,,,,,,,0.152116028,0,0.505528441,6.056747186,0,0.336856365,3.632567085,0,0,1.768993444,0.239549246,,,,,,,,,,,
8,L1,42,3.361,8.40E-07,7.2089,0.583924695,0.236797,0.270698,0.268881,1.71107,,,0.007933721,,,0.170784596,0.756921365,1.491663115,0,0.121794023,0.149118944,,,,,,,1.604267614,1.475101269,0.037974554,0.546170898,80.92936038,0.235592133,4.766341238,0,0.15115209,0.006234747,0.125548814,0.071615303,0.003274108,0.117706357,0.102434771,0,0,0,0.096775774,0,,,,,,,,,,,,,,,,,,,,,,0.584227098,0,0,8.05513973,0,0.5900452,3.982660195,0,0.133634805,1.888546086,0.222427064,,,,,,,,,,,
10,L1,51,,,6.54773,0.286490017,0.230359,0.181784,0.181966,2.02838,,,,,,,,,,,,,,,,,,,,,,,,,,,,,,,,,,,,,,,,,,,,,,,,,,,,,,,,,,,1.618842197,4.010373074,0,8.858313966,0.235130121,0.996995587,3.356595537,0,0.270296785,1.55919784,0.233718947,,,,,,,,,,,
12,L1,60,3.285,8.21E-07,6.3307,0.145496975,0.22709,0.0895379,0.196394,2.2549,,,0.014845662,0,0.231160126,0.168153811,0.804747598,1.508218788,0.327564804,0.08955858,0.133220192,0.347332775,0.183919189,0.362963728,2.895685168,0.236927056,0.488733408,0.859064184,1.051817126,0.027533784,0.65466038,42.28261899,0.199877766,2.181096812,0,0.110163019,0.002666904,0.130074267,0.064192815,0.003225974,0.114067057,0.080254406,0,0,0,0.083962915,0,0.142702597,1.356554376,0,0.099910871,0.293000382,0.3798607,0,0.823109968,0.025970939,0,0,0,1.334770681,0,0,0.09857555,1.777894083,3.184411516,0.17846411,0.080480141,0,2.393434982,7.027668141,0,75.07489635,0,0.635044329,0,0,0.076753823,1.859622059,0.312462552,0,0.460803097,0,1.610806885,0,0,0,0,0,0,0
16,L1,69,,,5.84271,0.022264033,0.219507,0.00776803,0.190411,2.53372,,,,,,,,,,,,,,,,,,,,,,,,,,,,,,,,,,,,,,,,,,,,,,,,,,,,,,,,,,,3.135708442,17.40917115,0.768799361,9.814299318,0,1.516718752,4.510486308,0,0.373463639,1.918472811,0.21894732,,,,,,,,,,,
18,L1,78,3.449,8.62E-07,5.91903,0.006631881,0.235047,0.00237711,0.182267,2.81957,,,0.018470844,0,0.190574144,0.142823398,2.333129585,2.774148752,0.554314826,0.16276105,0.179711103,0.20577446,0.116415477,0.19776378,2.24147818,0.212470574,0.317209577,0,0.7959691,0.019434004,0.155745772,17.57091944,0.114255467,0.590181388,0,0.08633549,0,0.07791299,0.03340531,0.001476874,0.067005922,0.084404923,0.017885043,0,0,0.06211956,0,0.165229082,1.386175765,0,0.050054808,0.240877876,0.475241803,0,0.645161807,0.025979201,0,0,0,1.731676235,0,0,0.17775008,1.435529931,2.91248379,0.264411481,0.055994467,0,3.24052064,16.85497531,0.610204987,9.747147361,0.263631392,1.547755409,3.410202399,0,0.54718982,1.451908986,0.266142785,0,1.338365858,0,1.522679542,0.492140506,0,0,0,0,0,0
20,L1,87,,,5.33603,0.007129762,0.217538,0.00382978,0.184969,2.81131,,,,,,,,,,,,,,,,,,,,,,,,,,,,,,,,,,,,,,,,,,,,,,,,,,,,,,,,,,,3.609193009,39.35212916,0.558984826,9.663816499,0.23064798,2.360717304,3.741673535,0,0.662979244,1.583956807,0,,,,,,,,,,,
24,L1,96,3.426,8.57E-07,5.23818,0.009000045,0.228767,0.002625,0.186883,3.02607,,,0.017365185,0,0.189051103,0.180405249,2.284824599,2.556154855,0.850861598,0.127268825,0.148553117,0.168272265,0.087131639,0.13535033,1.841208211,0.227695394,0.238256017,0,0.911411198,0.021252627,0.178517624,12.34016734,0.104217787,0.22791566,0,0.078438951,0,0.135007339,0.056511508,0.003985809,0.083989319,0.095694331,0.021118904,0,0,0.084301077,0,0.19315537,0.986252518,0,0.043241094,0.264710705,0.308252194,0,0.808846316,0.02797255,0,0,0,0.988931913,0,0,0.098151279,1.724259041,3.628051268,0.229970071,0.069386939,0,2.919737201,48.3252147,0.943153785,9.870778507,0,3.174658315,5.173123302,0,0.460625709,1.741689163,0.178319583,0,2.01825041,0,2.270623565,0.925893365,0,0,0,0,0,0
36,L1,105,3.584,0.000000896,5.20428,0.013104109,0.254362,0.0163738,0.19693,3.58737,,,0.017365185,,,0.08945183,0.743804686,1.472126403,0.754088826,0.053026943,0.144161815,,,,,,,,,,,,,,,,,,,,,,0.021743515,0,0,0.029338281,0,,,,,,,,,,,,,,,,,,,,,,1.529064088,66.28481326,0.737421244,7.153914885,0.300882489,3.663277761,3.8736148,0,0.307557192,1.671345931,0.249896299,,,,,,,,,,,
48,L1,114,3.584,0.000000896,4.40274,0.013924468,0.235838,0.0273852,0.16593,3.65883,,,0.017302859,0,0.108030953,0.068481971,0.485417408,1.016424684,0.737732691,0.046478254,0.110314319,0.194546683,0.10574072,0.086856601,0.965385003,0.21132998,0.07793903,0,0.756543792,0.017897889,0.051941038,8.574911471,0.044273808,0.057609188,0,0.053859508,0,0.091879419,0.041272128,0.00186536,0.014592877,0.053159828,0,0,0,0.031930457,0,0.152540069,0.471525411,0,0.033057202,0.21327014,0.089469028,0,0.579365246,0.019879348,0,0,0,0.061146264,0,0,0.028033122,1.05641633,2.833392458,0.146081214,0.044033273,0,0.882330482,57.60209445,0.671860857,5.062424394,0.241928393,3.044194375,5.651250114,0,0,2.276128037,0.253998249,0,2.002125758,0,2.131454984,1.28446213,0,0,0,0,0,0
72,L1,123,3.87,9.68E-07,3.51795,0.015812881,0.218551,0.0888215,0.16247,3.80366,,,0.016883268,,,0.069763402,0.179994978,0.402491717,0.538064409,0.017068348,0.068383639,,,,,,,,,,,,,,,,,,,,,,0,0,0,0.053238288,0,,,,,,,,,,,,,,,,,,,,,,0.225600595,43.19875444,0.838477238,3.671398821,0.25106424,2.061040546,4.480141649,0,0,1.67119167,0.287989123,0,2.311061842,0,2.216579324,1.850811729,0,0,0,0,0,0
0,L2,7,0.713,3.57E-07,10.45638,0.039607157,0.0162286,0.139766,0.0485881,0.308866,,,0,0,0.007628361,0.892762772,0.046703445,0.173320815,0,0.008239197,0.043355806,0.160001269,0.094877499,0.302952463,0.542593105,0.081441575,0.286359015,3.228349187,0.697041135,0.008527552,2.1853852,15.27354289,0.278012661,1.348833382,0,0.189242502,0.020987332,0.007689494,0.021560634,0,0.174829084,0.03096286,0.029727947,0,0,0.037995716,0.005670066,3.190180946,0.87914608,23.89683755,1.747123382,1.007811709,1.150410278,0,1.85979148,1.218785091,7.028125605,0.404282926,0.553767474,0.861666773,6.301990047,0.354957508,0.294393814,2.560656261,3.219778199,1.021441104,0.242505579,0,0,0,1.025752063,0.126263985,0,0,2.429648625,0,0,1.960894717,0,0,0,0,2.292243224,0,0,0,0,0,0,0
2,L2,16,,,9.68096,0.019868675,0.0649084,0.248701,0.107736,0.562589,,,,,,,,,,,,,,,,,,,,,,,,,,,,,,,,,,,,,,,,,,,,,,,,,,,,,,,,,,,,,,,,,,,,,,,,,,,,,,,,
4,L2,25,2.213,5.53E-07,9.07964,0.04965316,0.0708096,0.26,0.0858739,0.583792,,,0.002552426,0,0.041512469,2.65148138,0.083405523,0.182425151,0,0.051389771,0.113562331,0.16114485,0.091496002,0.180450586,1.585056438,0.494896754,0.341837848,2.978790598,1.171366059,0.013827221,0.250081569,38.82351601,0.298775956,2.016360555,0,0.168154342,0.00900033,0.017642215,0.023301079,0,0.22542248,0.054753626,0.015088057,0,0,0.062135204,0.015527401,3.980285549,1.261218201,0,6.589825663,1.241984797,1.338568732,0,2.004523871,0.748183206,0,0,0.105378596,0.924922011,0,0.299370548,0.407897325,3.153365972,5.247598867,0.972017747,0.267923163,0,0,1.728316706,1.615050138,123.7518458,0,0.081159381,2.465793571,0,0,1.690397223,0,0,0,0,1.784853481,0.542057218,0,0,0,0,0,0
6,L2,34,,,8.73303,0.001344868,0.0538261,0.27718,0.0889569,0.460141,,,,,,,,,,,,,,,,,,,,,,,,,,,,,,,,,,,,,,,,,,,,,,,,,,,,,,,,,,,0,2.235764295,1.054042062,149.5192127,0,0.081883659,2.47971426,0,0.056871639,1.367836483,0,,,,,,,,,,,
8,L2,43,3.196,0.000000799,8.21697,0.001417386,0.0506677,0.296441,0.0856158,0.327002,,,0.007849873,,,3.287003637,0.102936345,0.27152086,0.444711694,0.121794023,0.179796429,,,,,,,2.333393878,1.292870193,0.016413537,0.286741931,44.56778118,0.224467199,1.81783776,0,0.164247539,0.010245594,0.024394909,0.040125699,0,0.174936122,0.060365126,0,0,0,0.048335538,0.009504821,,,,,,,,,,,,,,,,,,,,,,0,3.159959539,0.98141805,185.5927124,0,0.097334925,1.98919315,0,0.064346144,1.42822985,0.213393557,,,,,,,,,,,
10,L2,52,,,7.68928,0.00014379,0.0418739,0.342933,0.0897452,0.24144,,,,,,,,,,,,,,,,,,,,,,,,,,,,,,,,,,,,,,,,,,,,,,,,,,,,,,,,,,,0.202543697,3.954957457,0.737137279,214.9085805,0,0.086296391,2.299294807,0,0.078323469,1.499575781,0.174378946,,,,,,,,,,,
12,L2,61,3.617,9.04E-07,7.15559,4.41E-05,0.0408476,0.345343,0.0882772,0.195258,,,0.015687963,0,0.059232986,4.087342684,0.129306488,0.416616508,0.308566397,0.08955858,0.291154059,0.113071431,0.083421759,0.1456541,1.779063556,0.78782104,0.238866144,1.587756194,0.860548578,0.015835398,0.233762293,50.16676356,0.130025831,1.560575337,0,0.114294505,0.009590206,0.028066696,0.145917517,0,0.155348129,0.07235182,0,0,0,0.055030187,0,2.583199026,1.07249034,0,0.038329673,0.928327547,0.046216158,0,1.325441063,0.154510634,0,0,0.108376883,0.694326059,0,0,0.370785103,2.202811829,4.67803635,0.404856706,0.146149025,0,,,,,,,,,,,,0,0.783760295,0,1.921460676,0,0,0,0,0,0,0
16,L2,70,,,6.31421,0,0.0366231,0.342211,0.0808156,0.169946,,,,,,,,,,,,,,,,,,,,,,,,,,,,,,,,,,,,,,,,,,,,,,,,,,,,,,,,,,,0.673112681,3.395624665,0.798154228,262.3015964,0,0.239964054,3.465824099,0,0.109286605,1.982645584,0.169954372,,,,,,,,,,,
18,L2,79,3.767,9.42E-07,5.93012,0,0.0387347,0.3574,0.0882377,0.185868,,,0.02902455,0,0.039768952,3.357318661,0.171745616,0.476509225,0.296095066,0.16276105,0.32126701,0.112998175,0.089972587,0.164624324,1.763555611,0.652359182,0.185168042,1.13399841,0.770443379,0.009385465,0.069774017,34.85603987,0.104003815,1.726609568,0,0.092382761,0.024249059,0.021949976,0.062458502,0,0.065400349,0.319523436,0.020891645,0,0,0.094691443,0,0.861617129,0.412175461,0,0.029074312,0.505055361,0,0,0.596676194,0.001393622,0,0,0.088967444,0.338264502,0,0,0.091785508,0.433904471,2.142404637,0.052213927,0.0181717,0,0.849753316,3.624189294,0.89058479,278.9587379,0,0.336950253,2.506578747,0,0.099551063,1.224990359,0.170714845,0,0,0,1.423933738,0.779583824,0,0,0,0,0,0
20,L2,88,,,5.3731,0,0.039784,0.373646,0.100636,0.194315,,,,,,,,,,,,,,,,,,,,,,,,,,,,,,,,,,,,,,,,,,,,,,,,,,,,,,,,,,,0.909274823,3.827267498,1.255763599,294.4737961,0,0.552074252,2.620752816,0,0.087685286,1.564982646,0.1622805,,,,,,,,,,,
24,L2,97,3.849,9.62E-07,4.83073,0,0.049019,0.361952,0.0939196,0.212698,,,0.033795041,0,0.020488833,4.594334921,0.26471707,0.523531106,0.283879794,0.127268825,0.235636632,0.090710739,0.061909766,0.149102208,1.524906176,0.389643832,0.142601589,0.646103922,0,0.01017503,0.102500959,41.7936429,0.110068601,1.714772624,0,0.101645489,0.0318972,0.036665002,0.11177446,0.000606257,0.063473661,0.317431576,0,0,0,0.102080468,0,0,0.262851123,0,0.040741682,0.403642001,0,0,0.669546627,0,0,0,0.109669029,0.33212864,0,0,0.076111598,0.602382991,2.577932042,0.070308326,0.020376335,0,1.440823106,4.747218311,2.233383619,334.4855779,0,0.94927371,2.322373844,0,0.063860302,1.216428847,0.194496935,0,0.40143001,0,2.363647962,1.208547613,0,0,0,0,0.567598489,0
36,L2,106,3.63,9.08E-07,4.06658,0,0.0696797,0.416995,0.1343,0.1343,,,0.045727937,,,5.166682559,0.492475588,0.882635689,0.345955674,0.053026943,0.117031416,,,,,,,,,,,,,,,,,,,,,,0,0,0,0.071308908,0,,,,,,,,,,,,,,,,,,,,,,3.0536358,6.157361312,2.139142781,366.1096052,0.264918131,2.317260619,2.747015905,0,0,1.155109911,0.183343319,,,,,,,,,,,
48,L2,115,3.63,9.08E-07,2.90772,0.005109004,0.0799108,0.361083,0.140864,0.405739,,,0.056035836,0,0.006855693,4.371739139,0.389230334,0.462744751,0.2780646,0.046478254,0.040376702,0.069403877,0.033109937,0.100977959,0.957042203,0.107615363,0.081545473,0.455854769,0,0.004541272,0.174131197,28.00163111,0.267454817,2.144178216,0,0.293571148,0.059093624,0.192412456,0.326585684,0.006124051,0.036285955,0.469838577,0,0,0,0.041207656,0,0,0.124157949,0,0.059294201,0.268291621,0,0,0.51732662,0,0,0,0.09237076,0.173062284,0,0,0.048283933,0.483150584,2.232996531,0.032893089,0.010614317,0,2.91009793,6.943196017,2.008022007,372.3660997,0.351108204,4.563582226,3.948591141,0,0,1.927651369,0.169032585,0.242249474,1.372301448,0,2.861204342,3.015880938,0,0,5.281626235,0,0.8937498,0
72,L2,124,3.81,9.53E-07,1.39164,0.116730007,0.089677,0.111016,0.144627,0.59813,,,0.055729367,,,5.462720574,0.535649943,0.083261593,0.23087235,0.017068348,0.023745348,,,,,,,,,,,,,,,,,,,,,,0.029996142,0,0,0.03646135,0,,,,,,,,,,,,,,,,,,,,,,0.887021197,5.985838672,1.537492235,384.2430946,0.343344878,7.200262886,5.955978875,0,0,1.544311608,0.14972116,0,2.161209485,0,2.074182025,1.640307505,0,0,5.083647799,0,0.741327167,0
0,L3,8,1.377973571,6.89E-07,10.44193,0.119580869,0.0297272,0.113706,0.123334,0.568617,,,0,0,0.003096465,0.036669798,0.018218812,0.050344718,0,0.014082151,0.024548194,0.082723606,0.048428612,0.354580861,0.628495938,0.056778601,0.246535416,4.054739461,0.923702009,0.016609106,2.029904602,16.19584715,0.261382602,2.228724289,0,0.169164486,0.027574053,0.01156087,0.030870757,0.00040663,0.15169099,0.156457906,0.01895888,0,0,0.059423889,0,1.825445307,0.605348696,5.45337456,0.886163718,0.553306762,0.521631744,0,1.191377502,0.527545265,3.50671855,0.226434269,0.2097499,0.427221878,4.413293622,0.17157327,0.108921639,0.906997305,1.950810855,0.374734023,0.055749788,0,0,0,2.158097435,0,0,0.078128144,0,0,0,1.292942538,0,0,0,0,1.674704116,0,0,0,0,0,0,0
2,L3,17,,,9.45182,0.004637637,0.0566082,0.105146,0.120102,1.02332,,,,,,,,,,,,,,,,,,,,,,,,,,,,,,,,,,,,,,,,,,,,,,,,,,,,,,,,,,,,,,,,,,,,,,,,,,,,,,,,
4,L3,26,2.893,7.23E-07,8.61686,0.036814989,0.0509349,0.134957,0.121371,1.14858,,,0.022377361,0,0.009279363,0.700391572,2.76900295,8.084991415,0.641260599,0,0.09075342,0.282808865,0.117384923,0.255148693,2.352336257,0.169019875,0.35692433,3.299296463,1.621942303,0.032195714,0.150751653,42.7383333,0.215291569,5.053527169,0,0.154180192,0.00874644,0.059606923,0.053163138,0.001525616,0.170226441,0.307769171,0,0,0,0.084698207,0.022344536,1.692818971,1.100004236,0,1.222444786,0.432889443,0,0,0.886837168,0.132950546,0,0,0.04153866,0.525793105,1.992725527,0,0.11664944,0.788973089,2.796020628,0.119998716,0.032347498,0,5.602360233,9.201650172,0,20.24878607,0,0.186662553,2.360045181,0,0,1.597994601,0.175899894,0,0.269247862,0,1.692849712,0,0,0,0,0,0,0
6,L3,35,,,7.97347,0.008440297,0.0558114,0.174874,0.183915,1.30417,,,,,,,,,,,,,,,,,,,,,,,,,,,,,,,,,,,,,,,,,,,,,,,,,,,,,,,,,,,4.841016487,10.23376108,0,31.90026408,0,0.222983757,2.773453002,0,0,1.760894717,0,,,,,,,,,,,
8,L3,44,3.499,8.75E-07,7.12459,0.011202778,0.0571126,0.195171,0.20156,1.40529,,,0.052849195,,,0.848759795,2.790022464,6.970880644,0.791820658,0,0.157500771,,,,,,,1.829933311,1.39112206,0.029797129,0.041731823,58.60394012,0.202886968,6.542455379,0,0.159808929,0.003230575,0.042777279,0.040149961,0.001917333,0.147998171,0.341006515,0.013804958,0,0,0.055320213,0.011956565,,,,,,,,,,,,,,,,,,,,,,3.476742283,10.00456177,0,49.63044761,0,0.272958944,0,0,0,1.624836097,0.202032539,,,,,,,,,,,
10,L3,53,,,6.55882,0.005433068,0.056087,0.231038,0.226807,1.40432,,,,,,,,,,,,,,,,,,,,,,,,,,,,,,,,,,,,,,,,,,,,,,,,,,,,,,,,,,,2.679181852,7.985382495,0,65.86137211,0,0.484501791,0,0,0,1.657231007,0.189104484,,,,,,,,,,,
12,L3,62,3.701,9.25E-07,6.15082,0.004619734,0.0528334,0.216994,0.234099,1.3591,,,0.085682139,0,0.014750007,0.945150194,1.490389557,5.621033275,0.978981913,0,0.151246075,0.324561087,0.177866648,0.295348828,2.268526494,0.219631206,0.375530774,,,,0.059432215,,,,,,,,,,0.081777196,0.444935472,0,0,0,0.061971539,0,0.159193086,0.811715265,0,0.073254552,0.324320344,0.06504319,0,0.638479204,0,0,0,0.052495003,0.434663625,0,0,0.075390381,0.577883519,2.212961808,0.0742336,0.011250895,0,4.063607289,11.33328705,0,118.6723395,0.174396037,1.752860228,5.174710749,0,0.181733244,1.27119167,0.21963866,0,0.74643485,0,2.030039844,1.146851575,0,0,0,0,0,0
16,L3,71,,,5.49095,0.003214472,0.0463916,0.171469,0.257667,1.32132,,,,,,,,,,,,,,,,,,,,,,,,,,,,,,,,,,,,,,,,,,,,,,,,,,,,,,,,,,,2.35863642,6.846387275,0,96.47010661,0,0.638598656,0,0,0.154086919,1.581874277,0.157003272,,,,,,,,,,,
18,L3,80,3.727,9.32E-07,5.04766,0.002582433,0.0438853,0.144147,0.266154,1.27007,,,0.186369591,0,0.008977964,0.991804474,2.896497017,7.230596048,1.318829264,0,0.205715881,0.342846864,0.219697887,0.350983216,2.808284923,0.303868977,0.420462793,1.002021237,1.05058066,0.023657044,0.039743015,51.05704982,0.284090492,6.992648044,0,0.251195085,0.003879732,0.033144045,0.07042403,0.002279224,0.071894001,0.360995407,0,0,0,0.068637306,0,0.140337351,0.472746974,0,0.072910321,0.36709155,0.0594918,0,0.646794141,0,0,0,0.043587464,0.608663106,0,0,0.103373246,0.56239602,2.152504883,0.190070981,0.00610688,0,2.212539978,6.172633333,0,100.7710209,0,0.773046126,0,0,0.128113015,1.440339375,0.208438955,0,0.695317901,0,1.540717188,0,0,0,0,0,0,0
20,L3,89,,,4.48256,0.002405443,0.0474602,0.151037,0.271955,1.24839,,,,,,,,,,,,,,,,,,,,,,,,,,,,,,,,,,,,,,,,,,,,,,,,,,,,,,,,,,,2.234466344,7.094706361,0.770574141,111.3175328,0,0.901645721,0,0,0.123357361,1.166370999,0.212218279,,,,,,,,,,,
24,L3,98,3.849,9.62E-07,4.18232,4.63E-05,0.052755,0.101179,0.295152,1.31036,,,0.235486355,0,0.009705154,1.498061352,1.327356096,5.95363388,0.816193538,0,0.097304173,0.24990802,0.156257567,0.264139569,2.487478251,0.222971124,0.246743389,0.833670717,0.755071301,0.020721512,0.038814905,39.51092489,0.317282486,4.657992952,0,0.302392184,0.002970546,0.043714357,0.119009249,0.000797012,0.092195582,0.473889482,0,0,0,0.088827156,0,0.13393184,0.253607414,0,0.046231671,0.227833357,0.042291424,0,0.600343889,0,0,0,0,0.300546772,0,0,0.037442788,0.584918739,2.681506117,0.061267794,0.004046927,0,2.824167596,9.048771297,1.259703612,134.2321935,0,1.333476401,0,0,0.09321642,1.439413806,0.217679864,0,0.813849276,0,1.7885827,0,0,0,0,0,0,0
36,L3,107,3.53,8.83E-07,3.07042,7.35E-05,0.0529114,0.0786716,0.288097,1.3818,,,0.370228933,,,0.931821753,2.192836867,7.760087129,1.431945814,0,0.113135267,,,,,,,,,,,,,,,,,,,,,,0,0,0,0.074116497,0,,,,,,,,,,,,,,,,,,,,,,4.931002851,16.12681727,2.111953146,134.1751275,0.179478656,2.039982832,0,0,0,1.395217894,0.195487855,,,,,,,,,,,
48,L3,116,3.53,8.83E-07,2.21953,0,0.0512567,0.0219867,0.244498,1.49557,,,0.410788543,0,0,1.213345441,,,,,,0.160862256,0.078890919,0.089696418,1.721404486,0.282932636,0.163313728,0,0,0.014365262,0.056647884,20.2134693,0.194447287,1.495042138,0,0.205853791,0.004008739,0.021958084,0.059403724,0,0.052306008,0.825886567,0,0,0,0,0,0,0.050390855,0,0.024271146,0.139181003,0,0,0.420894153,0,0,0,0,0.13105639,0,0,0.043186964,0.432378903,2.129050584,0.058824916,0.008627264,0,10.86412297,31.44745037,2.027970539,122.7777362,0.296679141,3.815000604,0,0,0,0.872117239,0,0,1.113028106,0,1.952648727,0.927849976,0,0,0,0,0,0
72,L3,125,3.63,9.08E-07,1.00698,0.000417771,0.045846,0.00549416,0.292209,1.66017,,,0.503866581,,,1.369914628,9.433808688,10.87102981,1.436163564,0,0.04616598,,,,,,,,,,,,,,,,,,,,,,0,0,0,0.059836664,0,,,,,,,,,,,,,,,,,,,,,,23.21863394,64.41010333,1.741556482,109.3801627,0.390611094,13.69409982,3.981927527,0,0,1.020285384,0,0,1.034661459,0,1.903383776,1.111549953,0,0,0,0,0,0
0,DH1,9,2.34194489,1.17E-06,10.74808,0.129194031,0.0103991,0.0622721,0.118356,0.559673,,,,0,0,0.03135836,0,0.011646765,0,0.008903267,0.008903267,0.183305497,0.114586522,0.352448746,0.721617837,0.053784772,0.242636258,5.090272552,1.30953584,0.014022425,1.425085963,10.92394091,0.13477879,2.300213863,0,0.124066512,0.049412619,0.016841917,0.087759108,0.000449589,0.174293893,0.170818697,0.057578533,0,0,0.046218714,0.035045764,2.196889158,0.665692229,0.194336779,0.964627339,0.500970025,0.808888417,0,1.069168333,0.467479223,4.161783736,0.315284756,0.163203776,0.413146533,4.661601876,0.179722985,0.0935173,0.969033807,1.781239587,0.356089695,0.037752177,0,0,0,0,0,0.472731676,0,0,0,0,0,8.333647991,0.491940024,0.250730806,0,1.691102868,0,0,0,0,0,0,0
2,DH1,18,,,9.09845,0.253238267,0.242935,0.119505,0.154184,1.21418,,,,,,,,,,,,,,,,,,,,,,,,,,,,,,,,,,,,,,,,,,,,,,,,,,,,,,,,,,,,,,,,,,,,,,,,,,,,,,,,
4,DH1,27,3.473,8.68E-07,7.90972,0.442093163,0.251332,0.162792,0.1054,1.52243,,,,0,0,0.02477735,0,0,0,0,0,0.504578303,0.224526556,0.709623573,2.878986268,0.181344031,0.686667176,2.56803034,1.604980482,0.049224208,0.505499773,114.2314122,0.263790109,8.846784405,0,0.223634323,0.031364589,0.148397994,0.134912715,0.012145467,0.243155144,0.22442678,0.045047498,0,0,0.06481523,0.014385461,0.469561474,0.931807112,0,0.072429047,0.22521006,0.108959658,0,0.751282783,0.020015722,0,0,0,0.761584016,1.633669705,0,0.054452504,0.903764311,2.592948626,0.033041178,0.023940607,0,0,0,0,0,0.440385183,0,0,0,0,0,8.016991504,0.816908184,0.483845721,0,1.598196235,0,0,0,0,0,0,0
6,DH1,36,,,7.4538,0.323734788,0.278737,0.286068,0.139293,1.74518,,,,,,,,,,,,,,,,,,,,,,,,,,,,,,,,,,,,,,,,,,,,,,,,,,,,,,,,,,,0,0,0,0,0.512247794,0,0,0,0,0,5.596386992,1.092395909,,,,,,,,,,
8,DH1,45,3.304,0.000000826,6.88315,0.130793958,0.267282,0.199613,0.129631,2.01228,,,,,,0.040547198,0,0,0,0,0,,,,,,,1.41435678,1.249306074,0.037770054,0.439117778,73.2903759,0.408766831,6.324807783,0,0.257901086,0.037308521,0.283552053,0.186193253,0.017698471,0.196522162,0.263043195,0.023235523,0,0,0.089409613,0,,,,,,,,,,,,,,,,,,,,,,0,0,0,0,0.592646545,0,0,0,0,0,7.103892498,1.609797694,,,,,,,,,,
10,DH1,54,,,6.50714,0.026579985,0.261806,0.145065,0.122647,2.26749,,,,,,,,,,,,,,,,,,,,,,,,,,,,,,,,,,,,,,,,,,,,,,,,,,,,,,,,,,,0,0,0,0,0.594763691,0,0,0,0,0,5.874914395,1.74660683,,,,,,,,,,
12,DH1,63,3.22,0.000000805,6.34878,0.005006572,0.253094,0.0676276,0.116565,2.45252,,,,0,0,0.019133079,0,0,0,0.007323002,0.007323002,0.280707103,0.11055711,0.155012203,1.325015458,0.129396,0.16408952,0,0.73938097,0.025055004,0.282764315,22.98512479,0.302034279,2.657315736,0,0.209098931,0.040139066,0.304276175,0.175174349,0.008901091,0.162769445,0.479235349,0,0,0,0.08204225,0,0.131700804,0.639109026,0,0.035901318,0.141353494,0.642029548,0,0.496228641,0.003619066,0,0,0,0.283233046,0.090562574,0,0.039424873,0.680051563,1.853734425,0.039329425,0.014237468,0,0,0,0,0,0.631823459,0,0,0,0,0,4.599737168,2.128019416,1.270551463,0,1.299534829,0.329060959,0,0,0,0,0,0
16,DH1,72,,,6.0821,0.002008861,0.2364,0.00740924,0.113708,2.72557,,,,,,,,,,,,,,,,,,,,,,,,,,,,,,,,,,,,,,,,,,,,,,,,,,,,,,,,,,,0,0,0,0,0.64712606,0,0,0,0,0,4.670812742,2.050333168,,,,,,,,,,
18,DH1,81,3.027,7.57E-07,5.64503,0.000896163,0.219503,0.00252937,0.110347,2.7755,,,,0,0,0.071550932,0,0,0,0.003881066,0.003881066,0.345652162,0.132121074,0.210331181,1.512139981,0.125605832,0.170302984,0,0.853687103,0.033738755,0.066149967,15.16390815,0.309912486,0.771805567,0,0.25551431,0,0.448554779,0.238329782,0.015090647,0.118455624,0.637685503,0,0,0,0.112165164,0,0.163461684,0.796369515,0,0.056304978,0.166103025,0.710500752,0,0.609034236,0.007217211,0,0,0,0.206514607,0,0,0.054791871,0.84024246,1.822619668,0.080936755,0.018012209,0,0,0,0,0,0.665651811,0,0,0,0,0,2.881855369,1.84694519,1.608011219,0,1.342430666,0.509578139,0,0,0,0,0,0
20,DH1,90,,,5.51865,6.33E-05,0.22246,0,0.0927878,2.99641,,,,,,,,,,,,,,,,,,,,,,,,,,,,,,,,,,,,,,,,,,,,,,,,,,,,,,,,,,,0,0,0,0,0.647700621,0,0,0,0,0,2.576008292,2.178932005,,,,,,,,,,
24,DH1,99,3.07,7.68E-07,5.45131,0,0.232189,0,0.0968296,3.22582,,,,0,0,0.094519648,0,0,0,0.002485244,0.002485244,0.243240919,0.104553398,0.146872935,1.493081818,0.09225614,0.135993567,0,0.890677546,0.031023032,0.057896413,9.114361334,0.289515535,0.277646701,0,0.281909693,0,0.480511399,0.233172649,0.020501404,0.152351059,0.42165937,0.058949853,0,0,0.144475903,0.007615887,0,0.650995765,0,0.031036354,0.20087274,0.406412445,0,0.691354304,0.012544353,0,0,0,0.149931544,0,0,0.075816521,0.904026873,2.368619064,0.095728348,0.025331332,0,0,0,0,0,0.662446267,0,0,0,0,0,4.686101394,2.383347637,1.874432144,0,1.448576027,0.555541968,0,0,0,0,0,0
36,DH1,108,3.08,0.00000077,4.80133,0,0.226207,0,0.0861919,3.51375,,,,,,0.020805291,0,0,0,0,0,,,,,,,,,,,,,,,,,,,,,,0.0384238,0,0,0.069164406,0.006576064,,,,,,,,,,,,,,,,,,,,,,0,0,0,0,0.698562087,0,0,0,0,0,6.446406426,2.721544104,,,,,,,,,,
48,DH1,117,3.08,0.00000077,4.24368,0.001113717,0.224924,0.00173574,0.0716161,3.82801,,,,0,0,0.027075437,0,0,0,0.003759971,0.003759971,0.344932164,0.141820674,0.122344172,0.809407937,0.101966766,0.051748056,0,0.822516579,0.027562582,0.053962993,5.42296119,0.157704366,0.077500844,0,0.208609358,0,0.335788524,0.187423065,0.01631791,0.097440455,0.463230953,0.035069252,0,0,0.06348304,0.007142138,0,0.261365161,0,0.021789718,0.220509744,0.141452481,0,0.625285609,0.017513312,0,0,0,0.014790872,0,0,0.050026594,0.683804888,2.046812852,0.075487249,0.026757719,0,0,0,0,0,0.598749691,0,0,0,0,0,8.486904696,2.502446144,2.192839084,0,1.511678345,1.072718499,0,0,0,0,0,0
72,DH1,126,3.188,0.000000797,3.16422,0.003107734,0.219347,0.018647,0.0662722,4.23376,,,,,,0.062718088,0.019797555,0,0,0,0,,,,,,,,,,,,,,,,,,,,,,0.028961475,0,0,0.05326356,0.020765218,,,,,,,,,,,,,,,,,,,,,,0,0,0,0,0.627940946,0,0,0,0,0,9.512651082,2.637221837,2.11842768,0,1.410135626,2.204931849,0,0,0,0,0,0